{"v":"5.9.4","fr":60,"ip":0,"op":1321,"w":140,"h":140,"nm":"Material_Shapes_Pulsing_LOTTIE","ddd":0,"assets":[],"layers":[{"ddd":0,"ind":1,"ty":4,"nm":".colorAccent_PrimaryShape_11","cl":"colorAccent_PrimaryShape_11","sr":1,"ks":{"o":{"a":1,"k":[{"i":{"x":[0],"y":[1]},"o":{"x":[0.333],"y":[0]},"t":1200,"s":[0]},{"i":{"x":[0.667],"y":[1]},"o":{"x":[0.167],"y":[0]},"t":1270,"s":[100]},{"t":1320,"s":[0]}],"ix":11},"r":{"a":0,"k":0,"ix":10},"p":{"a":0,"k":[70,70,0],"ix":2,"l":2},"a":{"a":0,"k":[0,0,0],"ix":1,"l":2},"s":{"a":1,"k":[{"i":{"x":[0,0,0.667],"y":[1,1,1]},"o":{"x":[0.167,0.167,0.167],"y":[0.167,0.167,0]},"t":1200,"s":[10,10,100]},{"t":1320,"s":[150,150,100]}],"ix":6,"l":2}},"ao":0,"shapes":[{"ty":"gr","it":[{"ind":0,"ty":"sh","ix":1,"ks":{"a":0,"k":{"i":[[2.634,2.456],[4.606,-4.295],[3.628,0.495],[1.107,-6.084],[3.237,-1.655],[-2.814,-5.549],[1.609,-3.173],[-5.661,-2.895],[-0.633,-3.479],[-6.345,0.865],[-2.634,-2.456],[-4.606,4.295],[-3.628,-0.495],[-1.107,6.084],[-3.237,1.655],[2.814,5.549],[-1.609,3.173],[5.661,2.895],[0.633,3.479],[6.345,-0.865]],"o":[[-4.606,-4.295],[-2.634,2.456],[-6.345,-0.865],[-0.633,3.479],[-5.661,2.895],[1.609,3.173],[-2.814,5.549],[3.237,1.655],[1.107,6.084],[3.628,-0.495],[4.606,4.295],[2.634,-2.456],[6.345,0.865],[0.633,-3.479],[5.661,-2.895],[-1.609,-3.173],[2.814,-5.549],[-3.237,-1.655],[-1.107,-6.084],[-3.628,0.495]],"v":[[8.261,-40.779],[-8.261,-40.779],[-18.185,-37.671],[-31.552,-28.311],[-37.685,-20.174],[-42.791,-5.029],[-42.791,5.029],[-37.685,20.174],[-31.552,28.311],[-18.185,37.671],[-8.261,40.779],[8.261,40.779],[18.185,37.671],[31.552,28.311],[37.685,20.174],[42.791,5.029],[42.791,-5.029],[37.685,-20.174],[31.552,-28.311],[18.185,-37.671]],"c":true},"ix":2},"nm":"Path 1","mn":"ADBE Vector Shape - Group","hd":false},{"ty":"rd","nm":"Round Corners 1","r":{"a":0,"k":32,"ix":1},"ix":2,"mn":"ADBE Vector Filter - RC","hd":false},{"ty":"fl","c":{"a":0,"k":[0.854901969433,0.92549020052,0.466666668653,1],"ix":4},"o":{"a":0,"k":100,"ix":5},"r":1,"bm":0,"nm":"Fill 1","mn":"ADBE Vector Graphic - Fill","hd":false},{"ty":"tr","p":{"a":0,"k":[0,0],"ix":2},"a":{"a":0,"k":[0,0],"ix":1},"s":{"a":0,"k":[100,100],"ix":3},"r":{"a":0,"k":0,"ix":6},"o":{"a":0,"k":100,"ix":7},"sk":{"a":0,"k":0,"ix":4},"sa":{"a":0,"k":0,"ix":5},"nm":"Transform"}],"nm":"Star 36","np":3,"cix":2,"bm":0,"ix":1,"mn":"ADBE Vector Group","hd":false}],"ip":1200,"op":1321,"st":1200,"ct":1,"bm":0},{"ddd":0,"ind":2,"ty":4,"nm":".colorAccent_PrimaryShape_10","cl":"colorAccent_PrimaryShape_10","sr":1,"ks":{"o":{"a":1,"k":[{"i":{"x":[0],"y":[1]},"o":{"x":[0.333],"y":[0]},"t":1080,"s":[0]},{"i":{"x":[0.667],"y":[1]},"o":{"x":[0.167],"y":[0]},"t":1150,"s":[100]},{"t":1200,"s":[0]}],"ix":11},"r":{"a":0,"k":0,"ix":10},"p":{"a":0,"k":[70,70,0],"ix":2,"l":2},"a":{"a":0,"k":[0,0,0],"ix":1,"l":2},"s":{"a":1,"k":[{"i":{"x":[0,0,0.667],"y":[1,1,1]},"o":{"x":[0.167,0.167,0.167],"y":[0.167,0.167,0]},"t":1080,"s":[10,10,100]},{"t":1200,"s":[150,150,100]}],"ix":6,"l":2}},"ao":0,"shapes":[{"ty":"gr","it":[{"ind":0,"ty":"sh","ix":1,"ks":{"a":0,"k":{"i":[[22.091,0],[0,-22.091],[0,0],[-8.837,0],[-2.182,1.116],[-1.114,0.626],[-4.353,0],[0,0],[-3.921,-2.202],[-1.112,-0.569],[-2.619,0],[0,8.837],[0,0]],"o":[[-22.091,0],[0,0],[0,8.837],[2.619,0],[1.112,-0.569],[3.921,-2.202],[0,0],[4.353,0],[1.114,0.626],[2.182,1.116],[8.837,0],[0,0],[0,-22.091]],"v":[[0,-42],[-40,-2],[-40,26],[-24,42],[-16.726,40.255],[-13.391,38.437],[-1.139,34],[1.139,34],[13.391,38.437],[16.726,40.255],[24,42],[40,26],[40,-2]],"c":true},"ix":2},"nm":"Path 1","mn":"ADBE Vector Shape - Group","hd":false},{"ty":"fl","c":{"a":0,"k":[0.854901969433,0.92549020052,0.466666668653,1],"ix":4},"o":{"a":0,"k":100,"ix":5},"r":1,"bm":0,"nm":"Fill 1","mn":"ADBE Vector Graphic - Fill","hd":false},{"ty":"tr","p":{"a":0,"k":[0,0],"ix":2},"a":{"a":0,"k":[0,0],"ix":1},"s":{"a":0,"k":[100,100],"ix":3},"r":{"a":0,"k":0,"ix":6},"o":{"a":0,"k":100,"ix":7},"sk":{"a":0,"k":0,"ix":4},"sa":{"a":0,"k":0,"ix":5},"nm":"Transform"}],"nm":"Union","np":2,"cix":2,"bm":0,"ix":1,"mn":"ADBE Vector Group","hd":false}],"ip":1080,"op":1201,"st":1080,"ct":1,"bm":0},{"ddd":0,"ind":3,"ty":4,"nm":".colorAccent_PrimaryShape_09","cl":"colorAccent_PrimaryShape_09","sr":1,"ks":{"o":{"a":1,"k":[{"i":{"x":[0],"y":[1]},"o":{"x":[0.333],"y":[0]},"t":960,"s":[0]},{"i":{"x":[0.667],"y":[1]},"o":{"x":[0.167],"y":[0]},"t":1030,"s":[100]},{"t":1080,"s":[0]}],"ix":11},"r":{"a":0,"k":0,"ix":10},"p":{"a":0,"k":[70,70,0],"ix":2,"l":2},"a":{"a":0,"k":[0,0,0],"ix":1,"l":2},"s":{"a":1,"k":[{"i":{"x":[0,0,0.667],"y":[1,1,1]},"o":{"x":[0.167,0.167,0.167],"y":[0.167,0.167,0]},"t":960,"s":[10,10,100]},{"t":1080,"s":[150,150,100]}],"ix":6,"l":2}},"ao":0,"shapes":[{"ty":"gr","it":[{"ind":0,"ty":"sh","ix":1,"ks":{"a":0,"k":{"i":[[20.987,0],[0,-18.737],[0,0],[-20.987,0],[0,18.737],[0,0]],"o":[[-20.987,0],[0,0],[0,18.737],[20.987,0],[0,0],[0,-18.737]],"v":[[0,-44],[-38,-10.074],[-38,10.074],[0,44],[38,10.074],[38,-10.074]],"c":true},"ix":2},"nm":"Path 1","mn":"ADBE Vector Shape - Group","hd":false},{"ty":"fl","c":{"a":0,"k":[0.854901969433,0.92549020052,0.466666668653,1],"ix":4},"o":{"a":0,"k":100,"ix":5},"r":1,"bm":0,"nm":"Fill 1","mn":"ADBE Vector Graphic - Fill","hd":false},{"ty":"tr","p":{"a":0,"k":[0,0],"ix":2},"a":{"a":0,"k":[0,0],"ix":1},"s":{"a":0,"k":[100,100],"ix":3},"r":{"a":0,"k":0,"ix":6},"o":{"a":0,"k":100,"ix":7},"sk":{"a":0,"k":0,"ix":4},"sa":{"a":0,"k":0,"ix":5},"nm":"Transform"}],"nm":"Rectangle 11939","np":2,"cix":2,"bm":0,"ix":1,"mn":"ADBE Vector Group","hd":false}],"ip":960,"op":1081,"st":960,"ct":1,"bm":0},{"ddd":0,"ind":4,"ty":4,"nm":".colorAccent_PrimaryShape_08","cl":"colorAccent_PrimaryShape_08","sr":1,"ks":{"o":{"a":1,"k":[{"i":{"x":[0],"y":[1]},"o":{"x":[0.333],"y":[0]},"t":840,"s":[0]},{"i":{"x":[0.667],"y":[1]},"o":{"x":[0.167],"y":[0]},"t":910,"s":[100]},{"t":960,"s":[0]}],"ix":11},"r":{"a":0,"k":0,"ix":10},"p":{"a":0,"k":[70,70,0],"ix":2,"l":2},"a":{"a":0,"k":[0,0,0],"ix":1,"l":2},"s":{"a":1,"k":[{"i":{"x":[0,0,0.667],"y":[1,1,1]},"o":{"x":[0.167,0.167,0.167],"y":[0.167,0.167,0]},"t":840,"s":[10,10,100]},{"t":960,"s":[150,150,100]}],"ix":6,"l":2}},"ao":0,"shapes":[{"ty":"gr","it":[{"ind":0,"ty":"sh","ix":1,"ks":{"a":0,"k":{"i":[[0,0],[4.764,-2.762],[0,0],[0,-5.525],[0,0],[-4.764,-2.762],[0,0],[-4.764,2.762],[0,0],[0,5.525],[0,0],[4.764,2.762]],"o":[[-4.764,-2.762],[0,0],[-4.764,2.762],[0,0],[0,5.525],[0,0],[4.764,2.762],[0,0],[4.764,-2.762],[0,0],[0,-5.525],[0,0]],"v":[[7.698,-41.928],[-7.698,-41.928],[-32.302,-27.66],[-40,-14.268],[-40,14.268],[-32.302,27.66],[-7.698,41.928],[7.698,41.928],[32.302,27.66],[40,14.268],[40,-14.268],[32.302,-27.66]],"c":true},"ix":2},"nm":"Path 1","mn":"ADBE Vector Shape - Group","hd":false},{"ty":"fl","c":{"a":0,"k":[0.854901969433,0.92549020052,0.466666668653,1],"ix":4},"o":{"a":0,"k":100,"ix":5},"r":1,"bm":0,"nm":"Fill 1","mn":"ADBE Vector Graphic - Fill","hd":false},{"ty":"tr","p":{"a":0,"k":[0,0],"ix":2},"a":{"a":0,"k":[0,0],"ix":1},"s":{"a":0,"k":[100,100],"ix":3},"r":{"a":0,"k":0,"ix":6},"o":{"a":0,"k":100,"ix":7},"sk":{"a":0,"k":0,"ix":4},"sa":{"a":0,"k":0,"ix":5},"nm":"Transform"}],"nm":"Polygon 5","np":2,"cix":2,"bm":0,"ix":1,"mn":"ADBE Vector Group","hd":false}],"ip":840,"op":961,"st":840,"ct":1,"bm":0},{"ddd":0,"ind":5,"ty":4,"nm":".colorAccent_PrimaryShape_07","cl":"colorAccent_PrimaryShape_07","sr":1,"ks":{"o":{"a":1,"k":[{"i":{"x":[0],"y":[1]},"o":{"x":[0.333],"y":[0]},"t":720,"s":[0]},{"i":{"x":[0.667],"y":[1]},"o":{"x":[0.167],"y":[0]},"t":790,"s":[100]},{"t":840,"s":[0]}],"ix":11},"r":{"a":0,"k":0,"ix":10},"p":{"a":0,"k":[70,70,0],"ix":2,"l":2},"a":{"a":0,"k":[0,0,0],"ix":1,"l":2},"s":{"a":1,"k":[{"i":{"x":[0,0,0.667],"y":[1,1,1]},"o":{"x":[0.167,0.167,0.167],"y":[0.167,0.167,0]},"t":720,"s":[10,10,100]},{"t":840,"s":[150,150,100]}],"ix":6,"l":2}},"ao":0,"shapes":[{"ty":"gr","it":[{"ind":0,"ty":"sh","ix":1,"ks":{"a":0,"k":{"i":[[-22.092,0],[0,-22.094],[0,0],[6.627,0],[0,0],[0,22.094]],"o":[[22.092,0],[0,0],[0,6.625],[0,0],[-22.092,0],[0,-22.094]],"v":[[0,-40],[40,0],[40,28],[28,40],[0,40],[-40,0]],"c":true},"ix":2},"nm":"Path 1","mn":"ADBE Vector Shape - Group","hd":false},{"ty":"fl","c":{"a":0,"k":[0.854901969433,0.92549020052,0.466666668653,1],"ix":4},"o":{"a":0,"k":100,"ix":5},"r":1,"bm":0,"nm":"Fill 1","mn":"ADBE Vector Graphic - Fill","hd":false},{"ty":"tr","p":{"a":0,"k":[0,0],"ix":2},"a":{"a":0,"k":[0,0],"ix":1},"s":{"a":0,"k":[100,100],"ix":3},"r":{"a":0,"k":-90,"ix":6},"o":{"a":0,"k":100,"ix":7},"sk":{"a":0,"k":0,"ix":4},"sa":{"a":0,"k":0,"ix":5},"nm":"Transform"}],"nm":"Union","np":2,"cix":2,"bm":0,"ix":1,"mn":"ADBE Vector Group","hd":false}],"ip":720,"op":841,"st":720,"ct":1,"bm":0},{"ddd":0,"ind":6,"ty":4,"nm":".colorAccent_PrimaryShape_06","cl":"colorAccent_PrimaryShape_06","sr":1,"ks":{"o":{"a":1,"k":[{"i":{"x":[0],"y":[1]},"o":{"x":[0.333],"y":[0]},"t":600,"s":[0]},{"i":{"x":[0.667],"y":[1]},"o":{"x":[0.167],"y":[0]},"t":670,"s":[100]},{"t":720,"s":[0]}],"ix":11},"r":{"a":0,"k":0,"ix":10},"p":{"a":0,"k":[70,70,0],"ix":2,"l":2},"a":{"a":0,"k":[0,0,0],"ix":1,"l":2},"s":{"a":1,"k":[{"i":{"x":[0,0,0.667],"y":[1,1,1]},"o":{"x":[0.167,0.167,0.167],"y":[0.167,0.167,0]},"t":600,"s":[10,10,100]},{"t":720,"s":[150,150,100]}],"ix":6,"l":2}},"ao":0,"shapes":[{"ty":"gr","it":[{"ind":0,"ty":"sh","ix":1,"ks":{"a":0,"k":{"i":[[0,0],[4.551,-3.264],[0,0],[-1.738,-5.282],[0,0],[-5.625,0],[0,0],[-1.738,5.282],[0,0],[4.551,3.264]],"o":[[-4.551,-3.264],[0,0],[-4.551,3.264],[0,0],[1.738,5.282],[0,0],[5.625,0],[0,0],[1.738,-5.282],[0,0]],"v":[[7.632,-38.552],[-7.632,-38.552],[-37.647,-17.023],[-42.364,-2.692],[-30.899,32.143],[-18.55,41],[18.55,41],[30.899,32.143],[42.364,-2.692],[37.647,-17.023]],"c":true},"ix":2},"nm":"Path 1","mn":"ADBE Vector Shape - Group","hd":false},{"ty":"fl","c":{"a":0,"k":[0.854901969433,0.92549020052,0.466666668653,1],"ix":4},"o":{"a":0,"k":100,"ix":5},"r":1,"bm":0,"nm":"Fill 1","mn":"ADBE Vector Graphic - Fill","hd":false},{"ty":"tr","p":{"a":0,"k":[0,0],"ix":2},"a":{"a":0,"k":[0,0],"ix":1},"s":{"a":0,"k":[100,100],"ix":3},"r":{"a":0,"k":0,"ix":6},"o":{"a":0,"k":100,"ix":7},"sk":{"a":0,"k":0,"ix":4},"sa":{"a":0,"k":0,"ix":5},"nm":"Transform"}],"nm":"Polygon 3","np":2,"cix":2,"bm":0,"ix":1,"mn":"ADBE Vector Group","hd":false}],"ip":600,"op":721,"st":600,"ct":1,"bm":0},{"ddd":0,"ind":7,"ty":4,"nm":".colorAccent_PrimaryShape_05","cl":"colorAccent_PrimaryShape_05","sr":1,"ks":{"o":{"a":1,"k":[{"i":{"x":[0],"y":[1]},"o":{"x":[0.333],"y":[0]},"t":480,"s":[0]},{"i":{"x":[0.667],"y":[1]},"o":{"x":[0.167],"y":[0]},"t":550,"s":[100]},{"t":600,"s":[0]}],"ix":11},"r":{"a":0,"k":0,"ix":10},"p":{"a":0,"k":[70,70,0],"ix":2,"l":2},"a":{"a":0,"k":[0,0,0],"ix":1,"l":2},"s":{"a":1,"k":[{"i":{"x":[0,0,0.667],"y":[1,1,1]},"o":{"x":[0.167,0.167,0.167],"y":[0.167,0.167,0]},"t":480,"s":[10,10,100]},{"t":600,"s":[150,150,100]}],"ix":6,"l":2}},"ao":0,"shapes":[{"ty":"gr","it":[{"ind":0,"ty":"sh","ix":1,"ks":{"a":0,"k":{"i":[[0,0],[-7.276,-16.754],[0,0],[2.222,-5.115],[0,0],[-16.754,7.276],[0,0],[-5.115,-2.222],[0,0],[7.276,16.754],[0,0],[-2.222,5.115],[0,0],[16.754,-7.276],[0,0],[5.115,2.222]],"o":[[-16.754,-7.276],[0,0],[2.222,5.115],[0,0],[-7.276,16.754],[0,0],[5.115,-2.222],[0,0],[16.754,7.276],[0,0],[-2.222,-5.115],[0,0],[7.276,-16.754],[0,0],[-5.115,2.222],[0,0]],"v":[[-10.789,-37.271],[-37.271,-10.789],[-36.068,-8.019],[-36.068,8.019],[-37.271,10.789],[-10.789,37.271],[-8.019,36.068],[8.019,36.068],[10.789,37.271],[37.271,10.789],[36.068,8.019],[36.068,-8.019],[37.271,-10.789],[10.789,-37.271],[8.019,-36.068],[-8.019,-36.068]],"c":true},"ix":2},"nm":"Path 1","mn":"ADBE Vector Shape - Group","hd":false},{"ty":"fl","c":{"a":0,"k":[0.854901969433,0.92549020052,0.466666668653,1],"ix":4},"o":{"a":0,"k":100,"ix":5},"r":1,"bm":0,"nm":"Fill 1","mn":"ADBE Vector Graphic - Fill","hd":false},{"ty":"tr","p":{"a":0,"k":[0,0],"ix":2},"a":{"a":0,"k":[0,0],"ix":1},"s":{"a":0,"k":[100,100],"ix":3},"r":{"a":0,"k":0,"ix":6},"o":{"a":0,"k":100,"ix":7},"sk":{"a":0,"k":0,"ix":4},"sa":{"a":0,"k":0,"ix":5},"nm":"Transform"}],"nm":"Star 21","np":2,"cix":2,"bm":0,"ix":1,"mn":"ADBE Vector Group","hd":false}],"ip":480,"op":601,"st":480,"ct":1,"bm":0},{"ddd":0,"ind":8,"ty":4,"nm":".colorAccent_PrimaryShape_04","cl":"colorAccent_PrimaryShape_04","sr":1,"ks":{"o":{"a":1,"k":[{"i":{"x":[0],"y":[1]},"o":{"x":[0.333],"y":[0]},"t":360,"s":[0]},{"i":{"x":[0.667],"y":[1]},"o":{"x":[0.167],"y":[0]},"t":430,"s":[100]},{"t":480,"s":[0]}],"ix":11},"r":{"a":0,"k":0,"ix":10},"p":{"a":0,"k":[70,70,0],"ix":2,"l":2},"a":{"a":0,"k":[0,0,0],"ix":1,"l":2},"s":{"a":1,"k":[{"i":{"x":[0,0,0.667],"y":[1,1,1]},"o":{"x":[0.167,0.167,0.167],"y":[0.167,0.167,0]},"t":360,"s":[10,10,100]},{"t":480,"s":[150,150,100]}],"ix":6,"l":2}},"ao":0,"shapes":[{"ty":"gr","it":[{"ind":0,"ty":"sh","ix":1,"ks":{"a":0,"k":{"i":[[0,-16],[0,0],[16,0],[0,0],[0,16],[0,0],[-16,0],[0,0]],"o":[[0,-16],[0,0],[16,0],[0,0],[0,16],[0,0],[-16,0],[0,0]],"v":[[-39,-23],[-23,-39],[23,-39],[39,-23],[39,23],[23,39],[-23,39],[-39,23]],"c":true},"ix":2},"nm":"Path 1","mn":"ADBE Vector Shape - Group","hd":false},{"ty":"fl","c":{"a":0,"k":[0.854901969433,0.92549020052,0.466666668653,1],"ix":4},"o":{"a":0,"k":100,"ix":5},"r":1,"bm":0,"nm":"Fill 1","mn":"ADBE Vector Graphic - Fill","hd":false},{"ty":"tr","p":{"a":0,"k":[0,0],"ix":2},"a":{"a":0,"k":[0,0],"ix":1},"s":{"a":0,"k":[100,100],"ix":3},"r":{"a":0,"k":0,"ix":6},"o":{"a":0,"k":100,"ix":7},"sk":{"a":0,"k":0,"ix":4},"sa":{"a":0,"k":0,"ix":5},"nm":"Transform"}],"nm":"Shape Icon","np":2,"cix":2,"bm":0,"ix":1,"mn":"ADBE Vector Group","hd":false}],"ip":360,"op":481,"st":360,"ct":1,"bm":0},{"ddd":0,"ind":9,"ty":4,"nm":".colorAccent_PrimaryShape_03","cl":"colorAccent_PrimaryShape_03","sr":1,"ks":{"o":{"a":1,"k":[{"i":{"x":[0],"y":[1]},"o":{"x":[0.333],"y":[0]},"t":240,"s":[0]},{"i":{"x":[0.667],"y":[1]},"o":{"x":[0.167],"y":[0]},"t":310,"s":[100]},{"t":360,"s":[0]}],"ix":11},"r":{"a":0,"k":0,"ix":10},"p":{"a":0,"k":[70,70,0],"ix":2,"l":2},"a":{"a":0,"k":[0,0,0],"ix":1,"l":2},"s":{"a":1,"k":[{"i":{"x":[0,0,0.667],"y":[1,1,1]},"o":{"x":[0.167,0.167,0.167],"y":[0.167,0.167,0]},"t":240,"s":[10,10,100]},{"t":360,"s":[150,150,100]}],"ix":6,"l":2}},"ao":0,"shapes":[{"ty":"gr","it":[{"ind":0,"ty":"sh","ix":1,"ks":{"a":0,"k":{"i":[[-1.784,-3.714],[-0.001,-4.12],[1.784,-3.714],[3.215,-2.576],[3.504,-4.623],[3.713,-1.782],[4.118,0],[3.713,1.782],[2.577,3.213],[4.623,3.505],[1.781,3.714],[0,4.119],[-1.781,3.714],[-3.212,2.578],[-3.504,4.623],[-3.713,1.782],[-4.118,0],[-3.713,-1.782],[-2.577,-3.213],[-4.623,-3.505]],"o":[[1.784,3.714],[-0.001,4.12],[-1.784,3.714],[-4.623,3.505],[-2.577,3.213],[-3.713,1.782],[-4.118,0],[-3.713,-1.782],[-3.504,-4.623],[-3.212,-2.578],[-1.781,-3.714],[0,-4.119],[1.781,-3.714],[4.623,-3.505],[2.577,-3.213],[3.713,-1.782],[4.118,0],[3.713,1.782],[3.504,4.623],[3.215,2.576]],"v":[[41.288,-11.9],[44,0],[41.288,11.9],[33.695,21.456],[21.447,33.706],[11.891,41.293],[-0.006,44],[-11.903,41.293],[-21.459,33.706],[-33.708,21.456],[-41.294,11.899],[-44,0],[-41.294,-11.899],[-33.708,-21.456],[-21.459,-33.706],[-11.903,-41.293],[-0.006,-44],[11.891,-41.293],[21.447,-33.706],[33.695,-21.456]],"c":true},"ix":2},"nm":"Path 1","mn":"ADBE Vector Shape - Group","hd":false},{"ty":"fl","c":{"a":0,"k":[0.854901969433,0.92549020052,0.466666668653,1],"ix":4},"o":{"a":0,"k":100,"ix":5},"r":1,"bm":0,"nm":"Fill 1","mn":"ADBE Vector Graphic - Fill","hd":false},{"ty":"tr","p":{"a":0,"k":[0,0],"ix":2},"a":{"a":0,"k":[0,0],"ix":1},"s":{"a":0,"k":[100,100],"ix":3},"r":{"a":0,"k":0,"ix":6},"o":{"a":0,"k":100,"ix":7},"sk":{"a":0,"k":0,"ix":4},"sa":{"a":0,"k":0,"ix":5},"nm":"Transform"}],"nm":"Shape Icon","np":2,"cix":2,"bm":0,"ix":1,"mn":"ADBE Vector Group","hd":false}],"ip":240,"op":361,"st":240,"ct":1,"bm":0},{"ddd":0,"ind":10,"ty":4,"nm":".colorAccent_PrimaryShape_02","cl":"colorAccent_PrimaryShape_02","sr":1,"ks":{"o":{"a":1,"k":[{"i":{"x":[0],"y":[1]},"o":{"x":[0.333],"y":[0]},"t":120,"s":[0]},{"i":{"x":[0.667],"y":[1]},"o":{"x":[0.167],"y":[0]},"t":190,"s":[100]},{"t":240,"s":[0]}],"ix":11},"r":{"a":0,"k":0,"ix":10},"p":{"a":0,"k":[70,70,0],"ix":2,"l":2},"a":{"a":0,"k":[0,0,0],"ix":1,"l":2},"s":{"a":1,"k":[{"i":{"x":[0,0,0.667],"y":[1,1,1]},"o":{"x":[0.167,0.167,0.167],"y":[0.167,0.167,8.333]},"t":120,"s":[10,10,100]},{"t":240,"s":[150,150,100]}],"ix":6,"l":2}},"ao":0,"shapes":[{"ty":"gr","it":[{"ind":0,"ty":"sh","ix":1,"ks":{"a":0,"k":{"i":[[-23.034,0],[0,-23.034],[23.034,0],[0,23.034]],"o":[[23.034,0],[0,23.034],[-23.034,0],[0,-23.034]],"v":[[0,-41],[41,0],[0,41],[-41,0]],"c":true},"ix":2},"nm":"Path 1","mn":"ADBE Vector Shape - Group","hd":false},{"ty":"fl","c":{"a":0,"k":[0.854901969433,0.92549020052,0.466666668653,1],"ix":4},"o":{"a":0,"k":100,"ix":5},"r":1,"bm":0,"nm":"Fill 1","mn":"ADBE Vector Graphic - Fill","hd":false},{"ty":"tr","p":{"a":0,"k":[0,0],"ix":2},"a":{"a":0,"k":[0,0],"ix":1},"s":{"a":0,"k":[100,100],"ix":3},"r":{"a":0,"k":0,"ix":6},"o":{"a":0,"k":100,"ix":7},"sk":{"a":0,"k":0,"ix":4},"sa":{"a":0,"k":0,"ix":5},"nm":"Transform"}],"nm":"Ellipse 1737","np":2,"cix":2,"bm":0,"ix":1,"mn":"ADBE Vector Group","hd":false}],"ip":120,"op":241,"st":120,"ct":1,"bm":0},{"ddd":0,"ind":11,"ty":4,"nm":".colorAccent_PrimaryShape_01","cl":"colorAccent_PrimaryShape_01","sr":1,"ks":{"o":{"a":1,"k":[{"i":{"x":[0],"y":[1]},"o":{"x":[0.333],"y":[0]},"t":0,"s":[0]},{"i":{"x":[0.667],"y":[1]},"o":{"x":[0.167],"y":[0]},"t":70,"s":[100]},{"t":120,"s":[0]}],"ix":11},"r":{"a":0,"k":0,"ix":10},"p":{"a":0,"k":[70,70,0],"ix":2,"l":2},"a":{"a":0,"k":[0,0,0],"ix":1,"l":2},"s":{"a":1,"k":[{"i":{"x":[0,0,0.667],"y":[1,1,1]},"o":{"x":[0.167,0.167,0.167],"y":[0.167,0.167,15]},"t":0,"s":[10,10,100]},{"t":120,"s":[100,100,100]}],"ix":6,"l":2}},"ao":0,"shapes":[{"ty":"gr","it":[{"ind":0,"ty":"sh","ix":1,"ks":{"a":0,"k":{"i":[[0,0],[4.214,-7.033],[0,0],[4.638,1.162],[0,0],[-1.993,-7.953],[0,0],[4.102,-2.458],[0,0],[-7.033,-4.214],[0,0],[1.162,-4.638],[0,0],[-7.953,1.993],[0,0],[-2.458,-4.102],[0,0],[-4.214,7.033],[0,0],[-4.638,-1.162],[0,0],[1.993,7.953],[0,0],[-4.102,2.458],[0,0],[7.033,4.214],[0,0],[-1.162,4.638],[0,0],[7.953,-1.993],[0,0],[2.458,4.102]],"o":[[-4.214,-7.033],[0,0],[-2.458,4.102],[0,0],[-7.953,-1.993],[0,0],[1.162,4.638],[0,0],[-7.033,4.214],[0,0],[4.102,2.458],[0,0],[-1.993,7.953],[0,0],[4.638,-1.162],[0,0],[4.214,7.033],[0,0],[2.458,-4.102],[0,0],[7.953,1.993],[0,0],[-1.162,-4.638],[0,0],[7.033,-4.214],[0,0],[-4.102,-2.458],[0,0],[1.993,-7.953],[0,0],[-4.638,1.162],[0,0]],"v":[[9.31,-58.725],[-9.31,-58.725],[-14.05,-50.816],[-25.998,-45.867],[-34.942,-48.108],[-48.108,-34.942],[-45.867,-25.998],[-50.816,-14.05],[-58.725,-9.31],[-58.725,9.31],[-50.816,14.05],[-45.867,25.998],[-48.108,34.942],[-34.942,48.108],[-25.998,45.867],[-14.05,50.816],[-9.31,58.725],[9.31,58.725],[14.05,50.816],[25.998,45.867],[34.942,48.108],[48.108,34.942],[45.867,25.998],[50.816,14.05],[58.725,9.31],[58.725,-9.31],[50.816,-14.05],[45.867,-25.998],[48.108,-34.942],[34.942,-48.108],[25.998,-45.867],[14.05,-50.816]],"c":true},"ix":2},"nm":"Path 1","mn":"ADBE Vector Shape - Group","hd":false},{"ty":"rd","nm":"Round Corners 1","r":{"a":0,"k":16,"ix":1},"ix":2,"mn":"ADBE Vector Filter - RC","hd":false},{"ty":"fl","c":{"a":0,"k":[0.854901969433,0.92549020052,0.466666668653,1],"ix":4},"o":{"a":0,"k":100,"ix":5},"r":1,"bm":0,"nm":"Fill 1","mn":"ADBE Vector Graphic - Fill","hd":false},{"ty":"tr","p":{"a":0,"k":[0,0],"ix":2},"a":{"a":0,"k":[0,0],"ix":1},"s":{"a":0,"k":[100,100],"ix":3},"r":{"a":0,"k":0,"ix":6},"o":{"a":0,"k":100,"ix":7},"sk":{"a":0,"k":0,"ix":4},"sa":{"a":0,"k":0,"ix":5},"nm":"Transform"}],"nm":"Star 1","np":3,"cix":2,"bm":0,"ix":1,"mn":"ADBE Vector Group","hd":false}],"ip":0,"op":121,"st":0,"ct":1,"bm":0}],"markers":[]}