{"assets/qr_background.svg":["assets/qr_background.svg","assets/qr_background.svg"],"assets/receive_off.svg":["assets/receive_off.svg","assets/receive_off.svg"],"assets/logo_Google_FullColor_90x30px.svg":["assets/logo_Google_FullColor_90x30px.svg","assets/logo_Google_FullColor_90x30px.svg"],"assets/logo_Google_Reverse_90x30px.svg":["assets/logo_Google_Reverse_90x30px.svg","assets/logo_Google_Reverse_90x30px.svg"],"assets/google_g_logo.svg":["assets/google_g_logo.svg","assets/google_g_logo.svg"],"assets/material_shapes_pulsing.json":["assets/material_shapes_pulsing.json","assets/material_shapes_pulsing.json"],"assets/logo/logo_GoogleG_FullColor_rgb_20px.png":["assets/logo/logo_GoogleG_FullColor_rgb_20px.png","assets/logo/logo_GoogleG_FullColor_rgb_20px.png","assets/logo/1.5x/logo_GoogleG_FullColor_rgb_20px.png","assets/logo/2.0x/logo_GoogleG_FullColor_rgb_20px.png","assets/logo/3.0x/logo_GoogleG_FullColor_rgb_20px.png","assets/logo/4.0x/logo_GoogleG_FullColor_rgb_20px.png"],"assets/animated_logo/googlelogo_standard_color_dots_sprites_74x24.png":["assets/animated_logo/googlelogo_standard_color_dots_sprites_74x24.png","assets/animated_logo/googlelogo_standard_color_dots_sprites_74x24.png","assets/animated_logo/1.5x/googlelogo_standard_color_dots_sprites_74x24.png","assets/animated_logo/2.0x/googlelogo_standard_color_dots_sprites_74x24.png","assets/animated_logo/3.0x/googlelogo_standard_color_dots_sprites_74x24.png","assets/animated_logo/4.0x/googlelogo_standard_color_dots_sprites_74x24.png"],"assets/logo/logo_Google_FullColor_74x24.png":["assets/logo/logo_Google_FullColor_74x24.png","assets/logo/logo_Google_FullColor_74x24.png","assets/logo/1.5x/logo_Google_FullColor_74x24.png","assets/logo/2.0x/logo_Google_FullColor_74x24.png","assets/logo/3.0x/logo_Google_FullColor_74x24.png","assets/logo/4.0x/logo_Google_FullColor_74x24.png"],"GoogleSymbols_FILL_GRAD_opsz_wght.ttf":["GoogleSymbols_FILL_GRAD_opsz_wght.ttf","GoogleSymbols_FILL_GRAD_opsz_wght.ttf"],"shaders/ink_sparkle.frag":["shaders/ink_sparkle.frag","shaders/ink_sparkle.frag"],"All1PIcons-Regular.otf":["All1PIcons-Regular.otf","All1PIcons-Regular.otf"],"MaterialIcons-Extended.ttf":["MaterialIcons-Extended.ttf","MaterialIcons-Extended.ttf"],"googlematerialicons/GoogleMaterialIcons-Regular.otf":["googlematerialicons/GoogleMaterialIcons-Regular.otf","googlematerialicons/GoogleMaterialIcons-Regular.otf"],"GoogleSans-Bold.nohints.ttf":["GoogleSans-Bold.nohints.ttf","GoogleSans-Bold.nohints.ttf"],"GoogleSans-BoldItalic.nohints.ttf":["GoogleSans-BoldItalic.nohints.ttf","GoogleSans-BoldItalic.nohints.ttf"],"GoogleSans-Italic.nohints.ttf":["GoogleSans-Italic.nohints.ttf","GoogleSans-Italic.nohints.ttf"],"GoogleSans-Medium.nohints.ttf":["GoogleSans-Medium.nohints.ttf","GoogleSans-Medium.nohints.ttf"],"GoogleSans-MediumItalic.nohints.ttf":["GoogleSans-MediumItalic.nohints.ttf","GoogleSans-MediumItalic.nohints.ttf"],"GoogleSans-Regular.nohints.ttf":["GoogleSans-Regular.nohints.ttf","GoogleSans-Regular.nohints.ttf"],"GoogleSansText-Bold.ttf":["GoogleSansText-Bold.ttf","GoogleSansText-Bold.ttf"],"GoogleSansText-BoldItalic.ttf":["GoogleSansText-BoldItalic.ttf","GoogleSansText-BoldItalic.ttf"],"GoogleSansText-Italic.ttf":["GoogleSansText-Italic.ttf","GoogleSansText-Italic.ttf"],"GoogleSansText-Medium.ttf":["GoogleSansText-Medium.ttf","GoogleSansText-Medium.ttf"],"GoogleSansText-MediumItalic.ttf":["GoogleSansText-MediumItalic.ttf","GoogleSansText-MediumItalic.ttf"],"GoogleSansText-Regular.ttf":["GoogleSansText-Regular.ttf","GoogleSansText-Regular.ttf"],"ProductSans-Regular.nohints.ttf":["ProductSans-Regular.nohints.ttf","ProductSans-Regular.nohints.ttf"]}