[{"family":"AllMaterialIcons","fonts":[{"asset":"All1PIcons-Regular.otf"}]},{"family":"MaterialIcons","fonts":[{"asset":"MaterialIcons-Extended.ttf"}]},{"family":"GoogleMaterialIcons","fonts":[{"asset":"googlematerialicons/GoogleMaterialIcons-Regular.otf"}]},{"family":"ProductSans","fonts":[{"asset":"ProductSans-Regular.nohints.ttf","weight":400}]},{"family":"GoogleSans","fonts":[{"asset":"GoogleSans-Bold.nohints.ttf","weight":700},{"asset":"GoogleSans-BoldItalic.nohints.ttf","style":"italic","weight":700},{"asset":"GoogleSans-Italic.nohints.ttf","style":"italic","weight":400},{"asset":"GoogleSans-Medium.nohints.ttf","weight":500},{"asset":"GoogleSans-MediumItalic.nohints.ttf","style":"italic","weight":500},{"asset":"GoogleSans-Regular.nohints.ttf","weight":400}]},{"family":"GoogleSansText","fonts":[{"asset":"GoogleSansText-Bold.ttf","weight":700},{"asset":"GoogleSansText-BoldItalic.ttf","style":"italic","weight":700},{"asset":"GoogleSansText-Italic.ttf","style":"italic","weight":400},{"asset":"GoogleSansText-Medium.ttf","weight":500},{"asset":"GoogleSansText-MediumItalic.ttf","style":"italic","weight":500},{"asset":"GoogleSansText-Regular.ttf","weight":400}]},{"family":"GoogleSymbols","fonts":[{"asset":"GoogleSymbols_FILL_GRAD_opsz_wght.ttf"}]}]
